Centro planificación;Orden;Almacén;Material;Lote;Texto breve material;Cantidad orden;Cantidad entregada;Fecha de fin real;Unidad de medida;Estado de sistema;Status de usuario;Hora creación;Fecha inicio extrema;Fecha fin extrema;Autor;Planificador nec.;Versión fabricación;Modificado por
B010;1082938;1003;12000496;2605180823;MIX ADEREZO ENSALADA ;948;948;18/5/2026;KG;CERR NOTP ENTR PREC EDET DDPN DMNV LINA*;RECT;11:02:46 a. m.;18/5/2026;19/5/2026;USUARIO 1;P09;V001;CABAD
B010;1083068;1003;12000496;2605210584;MIX ADEREZO ENSALADA;948;948;21/5/2026;KG;CERR NOTP ENTR PREC EDET DDPN DMNV LINA*;RECT;9:01:25 a. m.;21/5/2026;22/5/2026;USUARIO 2;P09;V001;CABAD
B010;1083162;1003;12000496;2605230326;MIX ADEREZO ENSALADA;474;474;23/5/2026;KG;CERR NOTP ENTR PREC EDET DDPN DMNV LINA*;LIB  RECT;8:07:18 a. m.;23/5/2026;23/5/2026;USUARIO 1;P09;V001;CABAD
B010;1082937;1003;12002516;2605180806;MIX DE SALMUERA ORIGINAL;320,640;320,640;18/5/2026;KG;CERR NOTP ENTR PREC EDET DDPN DMNV LINA*;LIB  RECT;10:51:22 a. m.;18/5/2026;18/5/2026;USUARIO 1;P09;V001;CABAD
B010;1083130;1003;12002516;2605221371;MIX DE SALMUERA ORIGINAL;320,640;320,640;22/5/2026;KG;CERR NOTP ENTR PREC EDET DDPN DMNV LINA*;LIB  RECT;3:49:34 p. m.;22/5/2026;22/5/2026;USUARIO 2;P09;V001;CABAD
B010;1082934;1003;12002517;2605180787;MIX DE SALMUERA CRISPY;163,680;163,680;18/5/2026;KG;CERR NOTP ENTR PREC EDET DDPN DMNV LINA*;LIB  RECT;10:45:51 a. m.;18/5/2026;18/5/2026;USUARIO 1;P09;V001;CABAD
B010;1082967;1003;12002517;2605190212;MIX DE SALMUERA CRISPY;208,320;208,320;19/5/2026;KG;CERR NOTP ENTR PREC EDET DDPN LINA LOAS*;LIB  RECT;6:43:21 a. m.;19/5/2026;19/5/2026;USUARIO 2;P09;V001;CABAD
B010;1083016;1003;12002517;2605200269;MIX DE SALMUERA CRISPY;208,320;208,320;20/5/2026;KG;CERR NOTP ENTR PREC EDET DDPN LINA LOAS*;LIB  RECT;8:01:21 a. m.;20/5/2026;20/5/2026;USUARIO 2;P09;V001;CABAD
B010;1083061;1003;12002517;2605210254;MIX DE SALMUERA CRISPY;178,560;178,560;21/5/2026;KG;CERR NOTP ENTR PREC EDET DDPN LINA LOAS*;LIB  RECT;7:17:06 a. m.;21/5/2026;21/5/2026;USUARIO 2;P09;V001;CABAD
B010;1083118;1003;12002517;2605220377;MIX DE SALMUERA CRISPY;148,800;148,800;22/5/2026;KG;CERR NOTP ENTR PREC EDET DDPN LINA LOAS*;LIB  RECT;7:52:13 a. m.;22/5/2026;22/5/2026;USUARIO 2;P09;V001;CABAD
B010;1083156;1003;12002517;2605230121;MIX DE SALMUERA CRISPY;282,720;282,720;23/5/2026;KG;CERR NOTP ENTR PREC EDET DDPN DMNV LINA*;LIB  RECT;7:12:19 a. m.;23/5/2026;24/5/2026;USUARIO 2;P09;V001;CABAD
B010;1082944;1008;12002544;2605180920;GALLETA TRITURADA;64,200;64,200;18/5/2026;KG;CERR NOTP ENTR PREC EDET DDPN DMNV LINA*;LIB  RECT;11:39:47 a. m.;18/5/2026;18/5/2026;USUARIO 1;P07;V001;CABAD
B010;1082993;1008;12002544;2605190855;GALLETA TRITURADA;117,520;117,520;19/5/2026;KG;CERR NOTP ENTR PREC EDET DDPN DMNV LINA*;LIB  RECT;3:49:10 p. m.;19/5/2026;19/5/2026;USUARIO 1;P07;V001;CABAD
B010;1083086;1008;12002544;2605211528;GALLETA TRITURADA;57,300;57,300;21/5/2026;KG;CERR NOTP ENTR PREC EDET DDPN LINA LOAS*;LIB  RECT;8:50:16 p. m.;21/5/2026;21/5/2026;USUARIO 1;P07;V001;CABAD
B010;1083178;1008;12002544;2605230887;GALLETA TRITURADA;122,300;122,300;24/5/2026;KG;CERR NOTP ENTR PREC EDET DDPN DMNV LINA*;LIB  RECT;7:30:44 p. m.;23/5/2026;23/5/2026;USUARIO 1;P07;V001;CABAD
B010;1082985;1008;14002692;2605190483;AVALANCHA OREO CJ(63UN);208;208;22/5/2026;CJ;CERR FMAT NOTP ENTR PREC EDET DDPN DMNV*;RECT;9:10:01 a. m.;19/5/2026;26/5/2026;USUARIO 1;P07;V001;CABAD
B010;1083164;1008;14002692;2605230408;AVALANCHA OREO CJ(63UN);80;80;24/5/2026;CJ;CERR NOTP ENTR PREC EDET DDPN DMNV LINA*;LIB  RECT;8:57:41 a. m.;23/5/2026;25/5/2026;USUARIO 1;P07;V001;CABAD
B010;1083177;1008;14002692;2605230886;AVALANCHA OREO CJ(63UN);180;180;25/5/2026;CJ;CERR NOTP ENTR PREC EDET DDPN DMNV LINA*;LIB  RECT;7:28:48 p. m.;23/5/2026;26/5/2026;USUARIO 1;P07;V001;CABAD
B010;1082943;1008;14002995;2605180919;SUNDAE DE AREQUIPE CJ(105UN);160;160;19/5/2026;CJ;CERR NOTP ENTR PREC EDET DDPN DMNV LINA*;LIB  RECT;11:38:28 a. m.;18/5/2026;18/5/2026;USUARIO 1;P07;V001;CABAD
B010;1083077;1008;14002995;2605211313;SUNDAE DE AREQUIPE CJ(105UN);120;120;22/5/2026;CJ;CERR FMAT NOTP ENTR PREC EDET DDPN LINA*;LIB  RECT;3:30:28 p. m.;21/5/2026;21/5/2026;USUARIO 3;P07;V001;CABAD
B010;1083132;1008;14002995;2605221433;SUNDAE DE AREQUIPE CJ(105UN);100;100;24/5/2026;CJ;CERR NOTP ENTR PREC EDET DDPN LINA LOAS*;LIB  RECT;4:33:42 p. m.;22/5/2026;22/5/2026;USUARIO 1;P07;V001;CABAD
B010;1083022;1008;14003025;2605200468;SUNDAE DE CHOCOLATE CJ(105UN);120;120;22/5/2026;CJ;CERR NOTP ENTR PREC EDET DDPN DMNV LINA*;LIB  RECT;9:14:19 a. m.;20/5/2026;23/5/2026;USUARIO 2;P07;V001;CABAD
B010;1082920;1001;12001209;2605180212;SALMUERA CRISPY;1.263,680;1.263,680;18/5/2026;KG;CERR NOTP ENTR PREC EDET DDPN DMNV LINA*;LIB  RECT;7:22:42 a. m.;18/5/2026;18/5/2026;USUARIO 4;P01;V001;CABAD
B010;1082957;1001;12001209;2605190167;SALMUERA CRISPY;1.608,320;1.608,320;19/5/2026;KG;CERR NOTP ENTR PREC EDET DDPN DMNV LINA*;LIB  RECT;6:09:01 a. m.;19/5/2026;19/5/2026;USUARIO 4;P01;V001;CABAD
B010;1083015;1001;12001209;2605200265;SALMUERA CRISPY;1.608,320;1.608,320;20/5/2026;KG;CERR NOTP ENTR PREC EDET DDPN DMNV LINA*;LIB  RECT;8:00:37 a. m.;20/5/2026;20/5/2026;USUARIO 4;P01;V001;CABAD
B010;1083045;1001;12001209;2605210147;SALMUERA CRISPY;1.378,560;1.378,560;21/5/2026;KG;CERR NOTP ENTR PREC EDET DDPN DMNV LINA*;LIB  RECT;6:34:26 a. m.;21/5/2026;21/5/2026;USUARIO 4;P01;V001;CABAD
B010;1083094;1001;12001209;2605220195;SALMUERA CRISPY;1.148,800;1.148,800;22/5/2026;KG;CERR NOTP ENTR PREC EDET DDPN DMNV LINA*;LIB  RECT;6:24:50 a. m.;22/5/2026;22/5/2026;USUARIO 4;P01;V001;CABAD
B010;1083136;1001;12001209;2605230072;SALMUERA CRISPY;2.182,720;2.182,720;23/5/2026;KG;CERR NOTP ENTR PREC EDET DDPN DMNV LINA*;LIB  RECT;5:48:03 a. m.;23/5/2026;24/5/2026;USUARIO 4;P01;V001;CABAD
B010;1082922;1001;12001211;2605180216;SALMUERA IMOR;1.493,520;1.493,520;18/5/2026;KG;CERR NOTP ENTR PREC EDET DDPN DMNV LINA*;LIB  RECT;7:23:35 a. m.;18/5/2026;18/5/2026;USUARIO 4;P01;V001;CABAD
B010;1082958;1001;12001211;2605190168;SALMUERA IMOR;1.493,520;1.493,520;19/5/2026;KG;CERR NOTP ENTR PREC EDET DDPN DMNV LINA*;LIB  RECT;6:09:38 a. m.;19/5/2026;19/5/2026;USUARIO 4;P01;V001;CABAD
B010;1083017;1001;12001211;2605200270;SALMUERA IMOR;1.493,520;1.493,520;20/5/2026;KG;CERR NOTP ENTR PREC EDET DDPN DMNV LINA*;LIB  RECT;8:01:28 a. m.;20/5/2026;20/5/2026;USUARIO 4;P01;V001;CABAD
B010;1083046;1001;12001211;2605210149;SALMUERA IMOR;853,440;853,440;21/5/2026;KG;CERR NOTP ENTR PREC EDET DDPN DMNV LINA*;LIB  RECT;6:35:20 a. m.;21/5/2026;21/5/2026;USUARIO 4;P01;V001;CABAD
B010;1083095;1001;12001211;2605220199;SALMUERA IMOR;1.280,160;1.280,160;22/5/2026;KG;CERR NOTP ENTR PREC EDET DDPN DMNV LINA*;LIB  RECT;6:25:54 a. m.;22/5/2026;22/5/2026;USUARIO 4;P01;V001;CABAD
B010;1083137;1001;12001211;2605230073;SALMUERA IMOR;1.280,160;1.280,160;23/5/2026;KG;CERR NOTP ENTR PREC EDET DDPN DMNV LINA*;LIB  RECT;5:48:37 a. m.;23/5/2026;23/5/2026;USUARIO 4;P01;V001;CABAD
B010;1082950;1001;12002528;2605181281;PECHUGA CONGELADA;1.550,700;1.550,700;18/5/2026;KG;CERR NOTP ENTR PREC EDET CONA DDPN DMNV*;LIB  RECT;3:36:35 p. m.;18/5/2026;18/5/2026;USUARIO 5;P01;V001;CABAD
B010;1083029;1001;12002528;2605201071;PECHUGA CONGELADA;1.060;1.060;20/5/2026;KG;CERR NOTP ENTR PREC EDET CONA DDPN DMNV*;LIB  RECT;12:34:36 p. m.;20/5/2026;20/5/2026;USUARIO 5;P01;V001;CABAD
B010;1083087;1001;12002528;2605211550;PECHUGA CONGELADA;568,500;568,500;21/5/2026;KG;CERR NOTP ENTR PREC EDET CONA DDPN DMNV*;LIB  RECT;9:09:13 p. m.;21/5/2026;21/5/2026;USUARIO 5;P01;V001;CABAD
B010;1083021;1001;12002535;2605200431;ALAS CORTADAS POLLO CONGELADAS;700;700;20/5/2026;KG;CERR NOTP ENTR PREC EDET DDPN LOAS MACO*;LIB  RECT;9:03:22 a. m.;20/5/2026;20/5/2026;USUARIO 4;P01;V001;CABAD
B010;1082917;1001;12002546;2605180195;CAJA DE POLLO;7.436,400;7.436,400;18/5/2026;KG;CERR FMAT NOTP PREC EDET CONA DDPN DMNV*;LIB  RECT;7:21:12 a. m.;18/5/2026;18/5/2026;USUARIO 4;P01;V001;CABAD
B010;1082918;1001;12002546;2605180203;CAJA DE POLLO;1;0;18/5/2026;KG;CERR FMAT NOTP PREC EDET DDPN DMNV ENTP*;RECT;7:21:56 a. m.;18/5/2026;19/5/2026;USUARIO 4;P01;V001;CABAD
B010;1082949;1001;12002546;2605181218;CAJA DE POLLO;1;0;18/5/2026;KG;CERR FMAT NOTP PREC EDET CONA DDPN DMNV*;LIB  RECT;2:54:42 p. m.;18/5/2026;18/5/2026;USUARIO 4;P01;V001;CABAD
B010;1082955;1001;12002546;2605190155;CAJA DE POLLO;5.539,600;5.539,600;19/5/2026;KG;CERR FMAT NOTP PREC EDET CONA DDPN DMNV*;LIB  RECT;6:07:35 a. m.;19/5/2026;19/5/2026;USUARIO 4;P01;V001;CABAD
B010;1082956;1001;12002546;2605190161;CAJA DE POLLO;1;0;19/5/2026;KG;CERR FMAT NOTP PREC EDET CONA DDPN DMNV*;LIB  RECT;6:08:24 a. m.;19/5/2026;19/5/2026;USUARIO 4;P01;V001;CABAD
B010;1083013;1001;12002546;2605200252;CAJA DE POLLO;7.045,400;7.045,400;20/5/2026;KG;CERR FMAT NOTP PREC EDET CONA DDPN DMNV*;LIB  RECT;7:58:58 a. m.;20/5/2026;20/5/2026;USUARIO 4;P01;V001;CABAD
B010;1083014;1001;12002546;2605200259;CAJA DE POLLO;1;0;22/5/2026;KG;CERR FMAT NOTP PREC EDET CONA DDPN DMNV*;LIB  RECT;8:00:01 a. m.;20/5/2026;20/5/2026;USUARIO 4;P01;V001;CABAD
B010;1083043;1001;12002546;2605210132;CAJA DE POLLO;6.990,800;6.990,800;21/5/2026;KG;CERR FMAT NOTP PREC EDET CONA DDPN DMNV*;LIB  RECT;6:32:25 a. m.;21/5/2026;21/5/2026;USUARIO 4;P01;V001;CABAD
B010;1083044;1001;12002546;2605210140;CAJA DE POLLO;2.786,100;2.786,100;21/5/2026;KG;CERR FMAT NOTP PREC EDET DDPN DMNV ENTP*;RECT;6:33:24 a. m.;21/5/2026;27/5/2026;USUARIO 4;P01;V001;CABAD
B010;1083083;1001;12002546;2605211467;CAJA DE POLLO;1;0;22/5/2026;KG;CERR FMAT NOTP PREC EDET CONA DDPN DMNV*;LIB  RECT;5:54:26 p. m.;21/5/2026;21/5/2026;USUARIO 4;P01;V001;CABAD
B010;1083091;1001;12002546;2605220173;CAJA DE POLLO;9.760,100;9.760,100;22/5/2026;KG;CERR FMAT NOTP PREC EDET CONA DDPN DMNV*;LIB  RECT;6:21:42 a. m.;22/5/2026;22/5/2026;USUARIO 4;P01;V001;CABAD
B010;1083092;1001;12002546;2605220180;CAJA DE POLLO;1;0;23/5/2026;KG;CERR FMAT NOTP PREC EDET CONA DDPN DMNV*;LIB  RECT;6:22:41 a. m.;22/5/2026;22/5/2026;USUARIO 4;P01;V001;CABAD
B010;1083093;1001;12002546;2605220187;CAJA DE POLLO;2.298,700;2.298,700;22/5/2026;KG;CERR FMAT NOTP PREC EDET CONA DDPN DMNV*;LIB  RECT;6:24:09 a. m.;22/5/2026;22/5/2026;USUARIO 4;P01;V001;CABAD
B010;1083134;1001;12002546;2605230060;CAJA DE POLLO;12.118,200;12.118,200;23/5/2026;KG;CERR FMAT NOTP PREC EDET CONA DDPN DMNV*;LIB  RECT;5:46:28 a. m.;23/5/2026;23/5/2026;USUARIO 4;P01;V001;CABAD
B010;1083135;1001;12002546;2605230066;CAJA DE POLLO;1;0;24/5/2026;KG;CERR FMAT NOTP PREC EDET CONA DDPN DMNV*;LIB  RECT;5:47:22 a. m.;23/5/2026;23/5/2026;USUARIO 4;P01;V001;CABAD
B010;1082927;1001;12002547;2605180252;CARNE FILETE DE POLLO;4.368,600;4.368,600;18/5/2026;KG;CERR NOTP ENTR PREC EDET CONA DDPN DMNV*;LIB  RECT;7:33:54 a. m.;18/5/2026;18/5/2026;USUARIO 5;P01;V001;CABAD
B010;1082959;1001;12002547;2605190169;CARNE FILETE DE POLLO;4.731,700;4.731,700;19/5/2026;KG;CERR NOTP ENTR PREC EDET CONA DDPN DMNV*;LIB  RECT;6:10:17 a. m.;19/5/2026;19/5/2026;USUARIO 4;P01;V001;CABAD
B010;1083010;1001;12002547;2605200217;CARNE FILETE DE POLLO;3.141,800;3.141,800;22/5/2026;KG;CERR FMAT NOTP ENTR PREC EDET CONA DDPN*;LIB  RECT;7:37:45 a. m.;20/5/2026;20/5/2026;USUARIO 5;P01;V001;CABAD
B010;1083042;1001;12002547;2605210122;CARNE FILETE DE POLLO;6.175,800;6.175,800;21/5/2026;KG;CERR FMAT NOTP ENTR PREC EDET CONA DDPN*;LIB  RECT;6:25:07 a. m.;21/5/2026;21/5/2026;USUARIO 5;P01;V001;CABAD
B010;1083096;1001;12002547;2605220225;CARNE FILETE DE POLLO;5.564,900;5.564,900;22/5/2026;KG;CERR NOTP ENTR PREC EDET CONA DDPN DMNV*;LIB  RECT;6:36:49 a. m.;22/5/2026;22/5/2026;USUARIO 5;P01;V001;CABAD
B010;1083144;1001;12002547;2605230080;CARNE FILETE DE POLLO;7.841,900;7.841,900;23/5/2026;KG;CERR FMAT NOTP ENTR PREC EDET CONA DDPN*;LIB  RECT;5:54:39 a. m.;23/5/2026;23/5/2026;USUARIO 4;P01;V001;CABAD
B010;1082929;1001;12002548;2605180261;CARNE POLLO CORTADA PARA POP CORN;2.278,500;2.278,500;18/5/2026;KG;CERR NOTP PREC EDET CONA DDPN DMNV ENTP*;LIB  RECT;7:35:17 a. m.;18/5/2026;18/5/2026;USUARIO 5;P01;V001;CABAD
B010;1082960;1001;12002548;2605190170;CARNE POLLO CORTADA PARA POP CORN;2.296,200;2.296,200;19/5/2026;KG;CERR NOTP PREC EDET CONA DDPN DMNV ENTP*;LIB  RECT;6:11:26 a. m.;19/5/2026;19/5/2026;USUARIO 4;P01;V001;CABAD
B010;1083011;1001;12002548;2605200220;CARNE POLLO CORTADA PARA POP CORN;2.003,500;2.003,500;20/5/2026;KG;CERR FMAT NOTP PREC EDET CONA DDPN DMNV*;LIB  RECT;7:40:19 a. m.;20/5/2026;20/5/2026;USUARIO 5;P01;V001;CABAD
B010;1083041;1001;12002548;2605210113;CARNE POLLO CORTADA PARA POP CORN;1.073,800;1.073,800;21/5/2026;KG;CERR FMAT NOTP PREC EDET CONA DDPN DMNV*;LIB  RECT;6:23:39 a. m.;21/5/2026;21/5/2026;USUARIO 5;P01;V001;CABAD
B010;1083097;1001;12002548;2605220229;CARNE POLLO CORTADA PARA POP CORN;2.227,500;2.227,500;23/5/2026;KG;CERR NOTP PREC EDET CONA DDPN DMNV ENTP*;LIB  RECT;6:40:16 a. m.;22/5/2026;22/5/2026;USUARIO 5;P01;V001;CABAD
B010;1083145;1001;12002548;2605230081;CARNE POLLO CORTADA PARA POP CORN;3.150,500;3.150,500;23/5/2026;KG;CERR NOTP PREC EDET CONA DDPN DMNV ENTP*;LIB  RECT;5:55:42 a. m.;23/5/2026;23/5/2026;USUARIO 4;P01;V001;CABAD
B010;1082921;1001;14002427;2605180214;BIG CRUNCH MARINADO BOL(10UN);390;390;18/5/2026;BOL;CERR FMAT NOTP ENTR PREC EDET CONA DDPN*;LIB  RECT;7:22:48 a. m.;18/5/2026;18/5/2026;USUARIO 6;P01;V001;CABAD
B010;1082933;1001;14002427;2605180769;BIG CRUNCH MARINADO BOL(10UN);1.441;1.441;18/5/2026;BOL;CERR FMAT NOTP ENTR PREC EDET DDPN DMNV*;RECT;10:33:01 a. m.;18/5/2026;20/5/2026;USUARIO 6;P01;V001;CABAD
B010;1082963;1001;14002427;2605190177;BIG CRUNCH MARINADO BOL(10UN);548;548;19/5/2026;BOL;CERR NOTP ENTR PREC EDET CONA DDPN DMNV*;LIB  RECT;6:13:54 a. m.;19/5/2026;19/5/2026;USUARIO 4;P01;V001;CABAD
B010;1083012;1001;14002427;2605200249;BIG CRUNCH MARINADO BOL(10UN);404;404;20/5/2026;BOL;CERR NOTP ENTR PREC EDET CONA DDPN DMNV*;LIB  RECT;7:54:46 a. m.;20/5/2026;20/5/2026;USUARIO 6;P01;V001;CABAD
B010;1083019;1001;14002427;2605200339;BIG CRUNCH MARINADO BOL(10UN);1.017;1.017;20/5/2026;BOL;CERR FMAT NOTP ENTR PREC EDET CONA DDPN*;LIB  RECT;8:34:15 a. m.;20/5/2026;20/5/2026;USUARIO 6;P01;V001;CABAD
B010;1083071;1001;14002427;2605210709;BIG CRUNCH MARINADO BOL(10UN);1.341;1.341;21/5/2026;BOL;CERR FMAT NOTP ENTR PREC EDET CONA DDPN*;LIB  RECT;9:36:08 a. m.;21/5/2026;21/5/2026;USUARIO 5;P01;V001;CABAD
B010;1083101;1001;14002427;2605220245;BIG CRUNCH MARINADO BOL(10UN);454;454;22/5/2026;BOL;CERR NOTP ENTR PREC EDET CONA DDPN DMNV*;LIB  RECT;6:56:35 a. m.;22/5/2026;22/5/2026;USUARIO 4;P01;V001;CABAD
B010;1083128;1001;14002427;2605221210;BIG CRUNCH MARINADO BOL(10UN);2.245;2.245;22/5/2026;BOL;CERR NOTP ENTR PREC EDET CONA DDPN DMNV*;LIB  RECT;1:44:13 p. m.;22/5/2026;22/5/2026;USUARIO 6;P01;V001;CABAD
B010;1083142;1001;14002427;2605230078;BIG CRUNCH MARINADO BOL(10UN);2.826;2.826;23/5/2026;BOL;CERR NOTP ENTR PREC EDET CONA DDPN DMNV*;LIB  RECT;5:52:58 a. m.;23/5/2026;23/5/2026;USUARIO 4;P01;V001;CABAD
B010;1082908;1001;14002429;2605180174;ALAS HOT WINGS BOL(40UN);1.356;1.356;18/5/2026;BOL;CERR FMAT NOTP ENTR PREC EDET DDPN DMNV*;RECT;7:15:34 a. m.;18/5/2026;20/5/2026;USUARIO 6;P01;V001;CABAD
B010;1082945;1001;14002429;2605180940;ALAS HOT WINGS BOL(40UN);590;590;18/5/2026;BOL;CERR FMAT NOTP ENTR PREC EDET CONA DDPN*;LIB  RECT;11:47:16 a. m.;18/5/2026;18/5/2026;USUARIO 6;P01;V001;CABAD
B010;1082961;1001;14002429;2605190175;ALAS HOT WINGS BOL(40UN);1.189;1.189;19/5/2026;BOL;CERR NOTP ENTR PREC EDET CONA DDPN DMNV*;LIB  RECT;6:12:21 a. m.;19/5/2026;19/5/2026;USUARIO 4;P01;V001;CABAD
B010;1082987;1001;14002429;2605190606;ALAS HOT WINGS BOL(40UN);1.612;1.612;19/5/2026;BOL;CERR FMAT NOTP ENTR PREC EDET CONA DDPN*;LIB  RECT;10:58:14 a. m.;19/5/2026;19/5/2026;USUARIO 6;P01;V001;CABAD
B010;1083025;1001;14002429;2605200563;ALAS HOT WINGS BOL(40UN);2.466;2.466;20/5/2026;BOL;CERR FMAT NOTP ENTR PREC EDET CONA DDPN*;LIB  RECT;9:46:38 a. m.;20/5/2026;20/5/2026;USUARIO 6;P01;V001;CABAD
B010;1083070;1001;14002429;2605210684;ALAS HOT WINGS BOL(40UN);2.554;2.554;21/5/2026;BOL;CERR FMAT NOTP ENTR PREC EDET CONA DDPN*;LIB  RECT;9:23:48 a. m.;21/5/2026;21/5/2026;USUARIO 5;P01;V001;CABAD
B010;1083099;1001;14002429;2605220241;ALAS HOT WINGS BOL(40UN);400;400;22/5/2026;BOL;CERR FMAT NOTP ENTR PREC EDET CONA DDPN*;LIB  RECT;6:52:59 a. m.;22/5/2026;22/5/2026;USUARIO 4;P01;V001;CABAD
B010;1083127;1001;14002429;2605221200;ALAS HOT WINGS BOL(40UN);1.797;1.797;22/5/2026;BOL;CERR FMAT NOTP ENTR PREC EDET CONA DDPN*;LIB  RECT;1:40:05 p. m.;22/5/2026;22/5/2026;USUARIO 6;P01;V001;CABAD
B010;1083138;1001;14002429;2605230074;ALAS HOT WINGS BOL(40UN);2.132;2.132;23/5/2026;BOL;CERR NOTP ENTR PREC EDET CONA DDPN DMNV*;LIB  RECT;5:50:22 a. m.;23/5/2026;23/5/2026;USUARIO 4;P01;V001;CABAD
B010;1083172;1001;14002429;2605230858;ALAS HOT WINGS BOL(40UN);1.262;1.262;23/5/2026;BOL;CERR FMAT NOTP ENTR PREC EDET CONA DDPN*;LIB  RECT;4:08:14 p. m.;23/5/2026;23/5/2026;USUARIO 6;P01;V001;CABAD
B010;1082936;1001;14002433;2605180807;KENTUCKY SANDWNCH BOL(5UN);1.601;1.601;18/5/2026;BOL;CERR FMAT NOTP ENTR PREC EDET DDPN DMNV*;RECT;10:50:43 a. m.;18/5/2026;20/5/2026;USUARIO 6;P01;V001;CABAD
B010;1082964;1001;14002433;2605190178;KENTUCKY SANDWNCH BOL(5UN);681;681;19/5/2026;BOL;CERR NOTP ENTR PREC EDET CONA DDPN DMNV*;LIB  RECT;6:14:50 a. m.;19/5/2026;19/5/2026;USUARIO 4;P01;V001;CABAD
B010;1083030;1001;14002433;2605201302;KENTUCKY SANDWNCH BOL(5UN);1.102;1.102;20/5/2026;BOL;CERR FMAT NOTP ENTR PREC EDET CONA DDPN*;LIB  RECT;3:26:45 p. m.;20/5/2026;20/5/2026;USUARIO 6;P01;V001;CABAD
B010;1083060;1001;14002433;2605210229;KENTUCKY SANDWNCH BOL(5UN);600;600;21/5/2026;BOL;CERR FMAT NOTP ENTR PREC EDET CONA DDPN*;LIB  RECT;7:10:17 a. m.;21/5/2026;21/5/2026;USUARIO 4;P01;V001;CABAD
B010;1083074;1001;14002433;2605211108;KENTUCKY SANDWNCH BOL(5UN);978;978;21/5/2026;BOL;CERR FMAT NOTP ENTR PREC EDET CONA DDPN*;LIB  RECT;12:54:19 p. m.;21/5/2026;21/5/2026;USUARIO 6;P01;V001;CABAD
B010;1083102;1001;14002433;2605220246;KENTUCKY SANDWNCH BOL(5UN);690;690;22/5/2026;BOL;CERR NOTP ENTR PREC EDET CONA DDPN DMNV*;LIB  RECT;6:57:34 a. m.;22/5/2026;22/5/2026;USUARIO 4;P01;V001;CABAD
B010;1083125;1001;14002433;2605220843;KENTUCKY SANDWNCH BOL(5UN);1.651;1.651;22/5/2026;BOL;CERR FMAT NOTP ENTR PREC EDET CONA DDPN*;LIB  RECT;10:41:56 a. m.;22/5/2026;22/5/2026;USUARIO 6;P01;V001;CABAD
B010;1083140;1001;14002433;2605230076;KENTUCKY SANDWNCH BOL(5UN);1.304;1.304;23/5/2026;BOL;CERR NOTP ENTR PREC EDET CONA DDPN DMNV*;LIB  RECT;5:51:40 a. m.;23/5/2026;23/5/2026;USUARIO 4;P01;V001;CABAD
B010;1083171;1001;14002433;2605230836;KENTUCKY SANDWNCH BOL(5UN);1.223;1.223;23/5/2026;BOL;CERR FMAT NOTP ENTR PREC EDET CONA DDPN*;LIB  RECT;3:10:08 p. m.;23/5/2026;23/5/2026;USUARIO 6;P01;V001;CABAD
B010;1082919;1001;14002441;2605180209;STRIPS MARINADO BOL(20UN);375;375;18/5/2026;BOL;CERR FMAT NOTP ENTR PREC EDET CONA DDPN*;LIB  RECT;7:22:03 a. m.;18/5/2026;18/5/2026;USUARIO 6;P01;V001;CABAD
B010;1082931;1001;14002441;2605180559;STRIPS MARINADO BOL(20UN);247;247;18/5/2026;BOL;CERR FMAT NOTP ENTR PREC EDET CONA DDPN*;LIB  RECT;9:24:40 a. m.;18/5/2026;18/5/2026;USUARIO 6;P01;V001;CABAD
B010;1082965;1001;14002441;2605190179;STRIPS MARINADO BOL(20UN);405;405;19/5/2026;BOL;CERR NOTP ENTR PREC EDET CONA DDPN DMNV*;LIB  RECT;6:15:24 a. m.;19/5/2026;19/5/2026;USUARIO 4;P01;V001;CABAD
B010;1082986;1001;14002441;2605190495;STRIPS MARINADO BOL(20UN);100;100;19/5/2026;BOL;CERR FMAT NOTP ENTR PREC EDET CONA DDPN*;LIB  RECT;9:22:58 a. m.;19/5/2026;19/5/2026;USUARIO 6;P01;V001;CABAD
B010;1083018;1001;14002441;2605200330;STRIPS MARINADO BOL(20UN);623;623;20/5/2026;BOL;CERR FMAT NOTP ENTR PREC EDET CONA DDPN*;LIB  RECT;8:27:21 a. m.;20/5/2026;20/5/2026;USUARIO 6;P01;V001;CABAD
B010;1083020;1001;14002441;2605200347;STRIPS MARINADO BOL(20UN);150;150;20/5/2026;BOL;CERR FMAT NOTP ENTR PREC EDET CONA DDPN*;LIB  RECT;8:36:13 a. m.;20/5/2026;20/5/2026;USUARIO 6;P01;V001;CABAD
B010;1083078;1001;14002441;2605211352;STRIPS MARINADO BOL(20UN);600;600;21/5/2026;BOL;CERR FMAT NOTP ENTR PREC EDET CONA DDPN*;LIB  RECT;3:58:52 p. m.;21/5/2026;21/5/2026;USUARIO 6;P01;V001;CABAD
B010;1083084;1001;14002441;2605211510;STRIPS MARINADO BOL(20UN);349;349;21/5/2026;BOL;CERR NOTP ENTR PREC EDET CONA DDPN DMNV*;LIB  RECT;6:58:57 p. m.;21/5/2026;21/5/2026;USUARIO 6;P01;V001;CABAD
B010;1083103;1001;14002441;2605220247;STRIPS MARINADO BOL(20UN);906;906;22/5/2026;BOL;CERR NOTP ENTR PREC EDET CONA DDPN DMNV*;LIB  RECT;6:58:02 a. m.;22/5/2026;22/5/2026;USUARIO 4;P01;V001;CABAD
B010;1083141;1001;14002441;2605230077;STRIPS MARINADO BOL(20UN);1.438;1.438;23/5/2026;BOL;CERR NOTP ENTR PREC EDET CONA DDPN DMNV*;LIB  RECT;5:52:17 a. m.;23/5/2026;23/5/2026;USUARIO 4;P01;V001;CABAD
B010;1082930;1001;14002442;2605180383;PASTA DE POLLO;1.470;1.470;18/5/2026;KG;CERR NOTP ENTR PREC EDET CONA DDPN DMNV*;LIB  RECT;8:13:22 a. m.;18/5/2026;18/5/2026;USUARIO 6;P01;V001;CABAD
B010;1082966;1001;14002442;2605190180;PASTA DE POLLO;1.740;1.740;21/5/2026;KG;CERR FMAT NOTP ENTR PREC EDET CONA DDPN*;LIB  RECT;6:15:59 a. m.;19/5/2026;19/5/2026;USUARIO 4;P01;V001;CABAD
B010;1083027;1001;14002442;2605200846;PASTA DE POLLO;2.130;2.130;20/5/2026;KG;CERR NOTP ENTR PREC EDET DDPN DMNV LINA*;RECT;10:59:36 a. m.;20/5/2026;29/5/2026;USUARIO 5;P01;V001;CABAD
B010;1083098;1001;14002442;2605220238;PASTA DE POLLO;2.745;2.745;23/5/2026;KG;CERR NOTP ENTR PREC EDET CONA DDPN DMNV*;LIB  RECT;6:46:11 a. m.;22/5/2026;22/5/2026;USUARIO 6;P01;V001;CABAD
B010;1083047;1001;14002442;2605210165;PASTA DE POLLO;2.670;2.670;22/5/2026;KG;CERR NOTP ENTR PREC EDET DDPN DMNV LINA*;RECT;6:50:40 a. m.;23/5/2026;29/5/2026;USUARIO 5;P01;V001;CABAD
B010;1083143;1001;14002442;2605230079;PASTA DE POLLO;2.040;2.040;23/5/2026;KG;CERR FMAT NOTP ENTR PREC EDET CONA DDPN*;LIB  RECT;5:53:38 a. m.;23/5/2026;23/5/2026;USUARIO 4;P01;V001;CABAD
B010;1082915;1001;14002613;2605180187;POP CORN BOL(0,88KG);1.360;1.360;18/5/2026;BOL;CERR FMAT NOTP ENTR PREC EDET CONA DDPN*;LIB  RECT;7:20:07 a. m.;18/5/2026;18/5/2026;USUARIO 6;P01;V001;CABAD
B010;1082942;1001;14002613;2605180912;POP CORN BOL(0,88KG);1.856;1.856;18/5/2026;BOL;CERR FMAT NOTP ENTR PREC EDET DDPN DMNV*;RECT;11:34:52 a. m.;18/5/2026;20/5/2026;USUARIO 6;P01;V001;CABAD
B010;1082962;1001;14002613;2605190176;POP CORN BOL(0,88KG);3.180;3.180;19/5/2026;BOL;CERR NOTP ENTR PREC EDET DDPN DMNV LINA*;LIB  RECT;6:13:09 a. m.;19/5/2026;20/5/2026;USUARIO 4;P01;V001;CABAD
B010;1083028;1001;14002613;2605200866;POP CORN BOL(0,88KG);2.615;2.615;20/5/2026;BOL;CERR FMAT NOTP ENTR PREC EDET CONA DDPN*;LIB  RECT;11:03:15 a. m.;20/5/2026;20/5/2026;USUARIO 6;P01;V001;CABAD
B010;1083073;1001;14002613;2605211078;POP CORN BOL(0,88KG);415;415;21/5/2026;BOL;CERR FMAT NOTP ENTR PREC EDET CONA DDPN*;LIB  RECT;12:35:11 p. m.;21/5/2026;21/5/2026;USUARIO 5;P01;V001;CABAD
B010;1083075;1001;14002613;2605211259;POP CORN BOL(0,88KG);356;356;21/5/2026;BOL;CERR NOTP ENTR PREC EDET CONA DDPN DMNV*;LIB  RECT;2:54:08 p. m.;21/5/2026;21/5/2026;USUARIO 6;P01;V001;CABAD
B010;1083076;1001;14002613;2605211265;POP CORN BOL(0,88KG);889;889;21/5/2026;BOL;CERR NOTP ENTR PREC EDET CONA DDPN DMNV*;LIB  RECT;2:59:22 p. m.;21/5/2026;21/5/2026;USUARIO 6;P01;V001;CABAD
B010;1083100;1001;14002613;2605220244;POP CORN BOL(0,88KG);2.914;2.914;22/5/2026;BOL;CERR NOTP ENTR PREC EDET CONA DDPN DMNV*;LIB  RECT;6:55:40 a. m.;22/5/2026;22/5/2026;USUARIO 4;P01;V001;CABAD
B010;1083139;1001;14002613;2605230075;POP CORN BOL(0,88KG);4.460;4.460;23/5/2026;BOL;CERR NOTP ENTR PREC EDET CONA DDPN DMNV*;LIB  RECT;5:51:02 a. m.;23/5/2026;24/5/2026;USUARIO 4;P01;V001;CABAD
B010;1082952;1002;12002518;2605181536;MIX VERDURAS ENSALADA;964,400;964,200;19/5/2026;KG;CERR NOTP ENTR PREC EDET DDPN DMNV LINA*;RECT;10:35:47 p. m.;18/5/2026;20/5/2026;USUARIO 7;P04;V001;CABAD
B010;1082994;1002;12002518;2605190952;MIX VERDURAS ENSALADA;771,520;771,500;19/5/2026;KG;CERR NOTP ENTR PREC EDET DDPN LINA LOAS*;LIB  RECT;10:24:55 p. m.;19/5/2026;19/5/2026;USUARIO 7;P04;V001;CABAD
B010;1083038;1002;12002518;2605201583;MIX VERDURAS ENSALADA;1.157,280;1.157,200;21/5/2026;KG;CERR NOTP ENTR PREC EDET DDPN LINA LOAS*;LIB  RECT;10:25:45 p. m.;20/5/2026;20/5/2026;USUARIO 7;P04;V001;CABAD
B010;1083088;1002;12002518;2605211593;MIX VERDURAS ENSALADA;1.350,160;1.350,100;22/5/2026;KG;CERR NOTP ENTR PREC EDET DDPN DMNV LINA*;RECT;10:22:52 p. m.;21/5/2026;23/5/2026;USUARIO 7;P04;V001;CABAD
B010;1083179;1002;12002518;2605230896;MIX VERDURAS ENSALADA;1.060,840;1.060,800;24/5/2026;KG;CERR NOTP ENTR PREC EDET DDPN LINA LOAS*;LIB  RECT;10:13:03 p. m.;23/5/2026;23/5/2026;USUARIO 7;P04;V001;CABAD
B010;1082954;1002;12002545;2605181543;ADEREZO PARA ENSALADA DE COL;347,600;347,600;19/5/2026;KG;CERR FMAT NOTP ENTR PREC EDET DDPN DMNV*;LIB  RECT;10:42:08 p. m.;18/5/2026;20/5/2026;USUARIO 7;P04;V001;CABAD
B010;1082996;1002;12002545;2605190954;ADEREZO PARA ENSALADA DE COL;252,800;252,800;20/5/2026;KG;CERR FMAT NOTP ENTR PREC EDET DDPN DMNV*;RECT;10:35:21 p. m.;19/5/2026;21/5/2026;USUARIO 7;P04;V001;CABAD
B010;1083040;1002;12002545;2605201602;ADEREZO PARA ENSALADA DE COL;379,200;379,200;21/5/2026;KG;CERR FMAT NOTP ENTR PREC EDET DDPN DMNV*;RECT;10:39:12 p. m.;20/5/2026;20/5/2026;USUARIO 7;P04;V001;CABAD
B010;1083090;1002;12002545;2605211607;ADEREZO PARA ENSALADA DE COL;442,400;442,400;22/5/2026;KG;CERR FMAT NOTP ENTR PREC EDET DDPN DMNV*;RECT;10:29:00 p. m.;22/5/2026;30/5/2026;USUARIO 7;P04;V001;CABAD
B010;1083181;1002;12002545;2605230902;ADEREZO PARA ENSALADA DE COL;316;316;23/5/2026;KG;CERR FMAT NOTP ENTR PREC EDET DDPN LINA*;LIB  RECT;10:26:28 p. m.;23/5/2026;23/5/2026;USUARIO 7;P04;V001;CABAD
B010;1082953;1002;12002549;2605181541;VERDURAS PARA ENSALADA DE COL;1.020,400;1.020;19/5/2026;KG;CERR NOTP ENTR PREC EDET DDPN LINA LOAS*;LIB  RECT;10:39:35 p. m.;18/5/2026;18/5/2026;USUARIO 7;P04;V001;CABAD
B010;1082995;1002;12002549;2605190953;VERDURAS PARA ENSALADA DE COL;819,500;817;20/5/2026;KG;CERR NOTP ENTR PREC EDET DDPN DMNV LINA*;RECT;10:27:13 p. m.;19/5/2026;21/5/2026;USUARIO 7;P04;V001;CABAD
B010;1083039;1002;12002549;2605201588;VERDURAS PARA ENSALADA DE COL;1.219,600;1.218;21/5/2026;KG;CERR NOTP ENTR PREC EDET DDPN LINA LOAS*;LIB  RECT;10:28:41 p. m.;20/5/2026;20/5/2026;USUARIO 7;P04;V001;CABAD
B010;1083089;1002;12002549;2605211598;VERDURAS PARA ENSALADA DE COL;1.387,960;1.387,960;22/5/2026;KG;CERR NOTP ENTR PREC EDET DDPN DMNV LINA*;RECT;10:25:22 p. m.;22/5/2026;30/5/2026;USUARIO 7;P04;V001;CABAD
B010;1083180;1002;12002549;2605230900;VERDURAS PARA ENSALADA DE COL;1.122,400;1.122;24/5/2026;KG;CERR NOTP ENTR PREC EDET DDPN LINA LOAS*;LIB  RECT;10:23:59 p. m.;23/5/2026;23/5/2026;USUARIO 7;P04;V001;CABAD
B010;1082940;1002;14002424;2605180862;TOMATE PROCESADO BOL(5KG);90;90;19/5/2026;BOL;CERR NOTP ENTR PREC EDET DDPN DMNV LINA*;LIB  RECT;11:15:32 a. m.;18/5/2026;18/5/2026;USUARIO 1;P04;V001;CABAD
B010;1082990;1002;14002424;2605190849;TOMATE PROCESADO BOL(5KG);80;80;20/5/2026;BOL;CERR NOTP ENTR PREC EDET DDPN DMNV LINA*;LIB  RECT;3:40:06 p. m.;19/5/2026;19/5/2026;USUARIO 1;P04;V001;CABAD
B010;1083034;1002;14002424;2605201431;TOMATE PROCESADO BOL(5KG);100;100;21/5/2026;BOL;CERR NOTP ENTR PREC EDET DDPN DMNV LINA*;LIB  RECT;5:07:48 p. m.;20/5/2026;20/5/2026;USUARIO 2;P04;V001;CABAD
B010;1083079;1002;14002424;2605211404;TOMATE PROCESADO BOL(5KG);150;150;22/5/2026;BOL;CERR NOTP ENTR PREC EDET DDPN DMNV LINA*;LIB  RECT;4:42:02 p. m.;21/5/2026;21/5/2026;USUARIO 2;P04;V001;CABAD
B010;1083174;1002;14002424;2605230864;TOMATE PROCESADO BOL(5KG);120;120;23/5/2026;BOL;CERR NOTP ENTR PREC EDET DDPN DMNV LINA*;LIB  RECT;4:53:43 p. m.;23/5/2026;23/5/2026;USUARIO 1;P04;V001;CABAD
B010;1082941;1002;14002428;2605180884;LECHUGA BATAVIA PROCESADA BOL(1KG);337;337;19/5/2026;BOL;CERR NOTP ENTR PREC EDET DDPN DMNV LINA*;LIB  RECT;11:22:45 a. m.;18/5/2026;18/5/2026;USUARIO 1;P04;V001;CABAD
B010;1082991;1002;14002428;2605190851;LECHUGA BATAVIA PROCESADA BOL(1KG);344;344;20/5/2026;BOL;CERR NOTP ENTR PREC EDET DDPN DMNV LINA*;RECT;3:44:07 p. m.;19/5/2026;21/5/2026;USUARIO 1;P04;V001;CABAD
B010;1083035;1002;14002428;2605201433;LECHUGA BATAVIA PROCESADA BOL(1KG);423;423;21/5/2026;BOL;CERR NOTP ENTR PREC EDET DDPN DMNV LINA*;LIB  RECT;5:09:29 p. m.;20/5/2026;20/5/2026;USUARIO 2;P04;V001;CABAD
B010;1083080;1002;14002428;2605211416;LECHUGA BATAVIA PROCESADA BOL(1KG);676;676;22/5/2026;BOL;CERR NOTP ENTR PREC EDET DDPN DMNV LINA*;LIB  RECT;4:50:10 p. m.;21/5/2026;21/5/2026;USUARIO 2;P04;V001;CABAD
B010;1083175;1002;14002428;2605230865;LECHUGA BATAVIA PROCESADA BOL(1KG);388;388;24/5/2026;BOL;CERR NOTP ENTR PREC EDET DDPN DMNV LINA*;LIB  RECT;4:56:44 p. m.;23/5/2026;23/5/2026;USUARIO 1;P04;V001;CABAD
B010;1082939;1002;14002432;2605180853;ENSALADA COL BOL(2KG);688;688;19/5/2026;BOL;CERR NOTP ENTR PREC EDET DDPN DMNV LINA*;RECT;11:12:05 a. m.;18/5/2026;20/5/2026;USUARIO 1;P04;V001;CABAD
B010;1082992;1002;14002432;2605190853;ENSALADA COL BOL(2KG);565;565;20/5/2026;BOL;CERR NOTP ENTR PREC EDET DDPN DMNV LINA*;LIB  RECT;3:46:11 p. m.;19/5/2026;19/5/2026;USUARIO 1;P04;V001;CABAD
B010;1083036;1002;14002432;2605201435;ENSALADA COL BOL(2KG);828;828;21/5/2026;BOL;CERR NOTP ENTR PREC EDET DDPN DMNV LINA*;RECT;5:10:34 p. m.;20/5/2026;22/5/2026;USUARIO 2;P04;V001;CABAD
B010;1083081;1002;14002432;2605211426;ENSALADA COL BOL(2KG);907;907;22/5/2026;BOL;CERR FMAT NOTP ENTR PREC EDET DDPN DMNV*;RECT;5:07:34 p. m.;21/5/2026;23/5/2026;USUARIO 2;P04;V001;CABAD
B010;1083133;1002;14002432;2605221434;ENSALADA COL BOL(2KG);1;0;26/5/2026;BOL;CERR NOTP ENTR PREC EDET CONA DDPN DMNV*;LIB  RECT;4:38:56 p. m.;22/5/2026;22/5/2026;USUARIO 1;P04;V001;CABAD
B010;1083176;1002;14002432;2605230867;ENSALADA COL BOL(2KG);764;764;24/5/2026;BOL;CERR NOTP ENTR PREC EDET DDPN DMNV LINA*;LIB  RECT;5:00:00 p. m.;23/5/2026;23/5/2026;USUARIO 1;P04;V001;CABAD
